{"loss": [1.3970506191253662, 0.4445454180240631, 0.26651713252067566, 0.18308886885643005, 0.13767507672309875, 0.10559804737567902, 0.08834262937307358, 0.07416657358407974, 0.06371819972991943, 0.05379104241728783], "accuracy": [0.5904435515403748, 0.8583743572235107, 0.9134541749954224, 0.9402828216552734, 0.9545790553092957, 0.9654470682144165, 0.9713647365570068, 0.9753051400184631, 0.9791174530982971, 0.9828729033470154], "val_loss": [0.49058640003204346, 0.3158080577850342, 0.21791678667068481, 0.17141473293304443, 0.20684655010700226, 0.15600284934043884, 0.15697486698627472, 0.17759326100349426, 0.13544480502605438, 0.11487888544797897], "val_accuracy": [0.8481106162071228, 0.9001252055168152, 0.9288071990013123, 0.945538341999054, 0.936432957649231, 0.9521397948265076, 0.9511722922325134, 0.9478716254234314, 0.9586842656135559, 0.9668222069740295]}